{
  "accuracy": 0.5358067299396031,
  "macro_precision": 0.6102380753382453,
  "macro_recall": 0.543998741307555,
  "macro_f1": 0.5635905539103568,
  "weighted_f1": 0.5379473050407877,
  "per_class": {
    "audio": {
      "precision": 0.5258620689655172,
      "recall": 0.6777777777777778,
      "f1-score": 0.5922330097087378,
      "support": 90.0
    },
    "brightness": {
      "precision": 0.5670103092783505,
      "recall": 0.35714285714285715,
      "f1-score": 0.43824701195219123,
      "support": 154.0
    },
    "capture": {
      "precision": 0.7746478873239436,
      "recall": 0.6790123456790124,
      "f1-score": 0.7236842105263158,
      "support": 81.0
    },
    "color": {
      "precision": 0.3514644351464435,
      "recall": 0.5793103448275863,
      "f1-score": 0.4375,
      "support": 145.0
    },
    "idle": {
      "precision": 0.6216216216216216,
      "recall": 0.6052631578947368,
      "f1-score": 0.6133333333333333,
      "support": 38.0
    },
    "off": {
      "precision": 0.4875444839857651,
      "recall": 0.5310077519379846,
      "f1-score": 0.5083487940630798,
      "support": 258.0
    },
    "on": {
      "precision": 0.5287356321839081,
      "recall": 0.4200913242009132,
      "f1-score": 0.4681933842239186,
      "support": 219.0
    },
    "routine": {
      "precision": 0.5,
      "recall": 0.25,
      "f1-score": 0.3333333333333333,
      "support": 12.0
    },
    "setpoint": {
      "precision": 0.8888888888888888,
      "recall": 0.5925925925925926,
      "f1-score": 0.7111111111111111,
      "support": 27.0
    },
    "volume": {
      "precision": 0.6206896551724138,
      "recall": 0.5294117647058824,
      "f1-score": 0.5714285714285714,
      "support": 34.0
    },
    "watch": {
      "precision": 0.8461538461538461,
      "recall": 0.7623762376237624,
      "f1-score": 0.8020833333333334,
      "support": 101.0
    },
    "accuracy": 0.5358067299396031,
    "macro avg": {
      "precision": 0.6102380753382453,
      "recall": 0.543998741307555,
      "f1-score": 0.5635905539103568,
      "support": 1159.0
    },
    "weighted avg": {
      "precision": 0.5609337225891818,
      "recall": 0.5358067299396031,
      "f1-score": 0.5379473050407877,
      "support": 1159.0
    }
  }
}