{
  "accuracy": 0.5379310344827586,
  "macro_precision": 0.5381243367894419,
  "macro_recall": 0.5456224120469592,
  "macro_f1": 0.53866813877201,
  "weighted_f1": 0.5343231912225435,
  "per_class": {
    "audio": {
      "precision": 0.5714285714285714,
      "recall": 0.5393258426966292,
      "f1-score": 0.5549132947976878,
      "support": 89.0
    },
    "brightness": {
      "precision": 0.5089285714285714,
      "recall": 0.37012987012987014,
      "f1-score": 0.42857142857142855,
      "support": 154.0
    },
    "capture": {
      "precision": 0.7021276595744681,
      "recall": 0.8048780487804879,
      "f1-score": 0.75,
      "support": 82.0
    },
    "color": {
      "precision": 0.3674698795180723,
      "recall": 0.4236111111111111,
      "f1-score": 0.3935483870967742,
      "support": 144.0
    },
    "idle": {
      "precision": 0.48,
      "recall": 0.6486486486486487,
      "f1-score": 0.5517241379310345,
      "support": 37.0
    },
    "off": {
      "precision": 0.4782608695652174,
      "recall": 0.5521235521235521,
      "f1-score": 0.5125448028673835,
      "support": 259.0
    },
    "on": {
      "precision": 0.5333333333333333,
      "recall": 0.4748858447488584,
      "f1-score": 0.5024154589371981,
      "support": 219.0
    },
    "routine": {
      "precision": 0.0,
      "recall": 0.0,
      "f1-score": 0.0,
      "support": 13.0
    },
    "setpoint": {
      "precision": 0.9230769230769231,
      "recall": 0.8571428571428571,
      "f1-score": 0.8888888888888888,
      "support": 28.0
    },
    "volume": {
      "precision": 0.5588235294117647,
      "recall": 0.5588235294117647,
      "f1-score": 0.5588235294117647,
      "support": 34.0
    },
    "watch": {
      "precision": 0.7959183673469388,
      "recall": 0.7722772277227723,
      "f1-score": 0.7839195979899497,
      "support": 101.0
    },
    "accuracy": 0.5379310344827586,
    "macro avg": {
      "precision": 0.5381243367894419,
      "recall": 0.5456224120469592,
      "f1-score": 0.53866813877201,
      "support": 1160.0
    },
    "weighted avg": {
      "precision": 0.5374015066883083,
      "recall": 0.5379310344827586,
      "f1-score": 0.5343231912225435,
      "support": 1160.0
    }
  }
}