{
  "accuracy": {
    "mean": 0.9812033262919877,
    "std": 0.002856336596038888,
    "per_fold": [
      0.9853448275862069,
      0.9836206896551725,
      0.9775862068965517,
      0.9801724137931035,
      0.9792924935289042
    ]
  },
  "macro_precision": {
    "mean": 0.9386632699458687,
    "std": 0.024596191063494043,
    "per_fold": [
      0.9531705845310062,
      0.9656509624131691,
      0.95425072220174,
      0.9204635369146968,
      0.8997805436687312
    ]
  },
  "macro_recall": {
    "mean": 0.9052307838568423,
    "std": 0.043710288669207974,
    "per_fold": [
      0.9379205520705742,
      0.9391877123972578,
      0.8427131433900769,
      0.9444837629801507,
      0.8618487484461517
    ]
  },
  "macro_f1": {
    "mean": 0.9131450089398598,
    "std": 0.0361437463002696,
    "per_fold": [
      0.944724877172859,
      0.9510930277928177,
      0.8659497041504564,
      0.9304193828719954,
      0.8735380527111708
    ]
  },
  "weighted_f1": {
    "mean": 0.9806315381874665,
    "std": 0.003480757608335202,
    "per_fold": [
      0.9853460368892382,
      0.9835317873360807,
      0.9757008473927105,
      0.980296145555704,
      0.9782828737635991
    ]
  }
}