{
  "accuracy": 0.531896551724138,
  "macro_precision": 0.6201408010925452,
  "macro_recall": 0.5580342099854283,
  "macro_f1": 0.5493302400318975,
  "weighted_f1": 0.5277500419638615,
  "per_class": {
    "audio": {
      "precision": 0.589041095890411,
      "recall": 0.4777777777777778,
      "f1-score": 0.5276073619631901,
      "support": 90.0
    },
    "brightness": {
      "precision": 0.41089108910891087,
      "recall": 0.538961038961039,
      "f1-score": 0.46629213483146065,
      "support": 154.0
    },
    "capture": {
      "precision": 0.7142857142857143,
      "recall": 0.8641975308641975,
      "f1-score": 0.7821229050279329,
      "support": 81.0
    },
    "color": {
      "precision": 0.375886524822695,
      "recall": 0.36551724137931035,
      "f1-score": 0.3706293706293706,
      "support": 145.0
    },
    "idle": {
      "precision": 0.5135135135135135,
      "recall": 0.5135135135135135,
      "f1-score": 0.5135135135135135,
      "support": 37.0
    },
    "off": {
      "precision": 0.5271966527196653,
      "recall": 0.4864864864864865,
      "f1-score": 0.5060240963855421,
      "support": 259.0
    },
    "on": {
      "precision": 0.48223350253807107,
      "recall": 0.4337899543378995,
      "f1-score": 0.4567307692307692,
      "support": 219.0
    },
    "routine": {
      "precision": 1.0,
      "recall": 0.07692307692307693,
      "f1-score": 0.14285714285714285,
      "support": 13.0
    },
    "setpoint": {
      "precision": 0.8461538461538461,
      "recall": 0.8148148148148148,
      "f1-score": 0.8301886792452831,
      "support": 27.0
    },
    "volume": {
      "precision": 0.574468085106383,
      "recall": 0.7941176470588235,
      "f1-score": 0.6666666666666666,
      "support": 34.0
    },
    "watch": {
      "precision": 0.7878787878787878,
      "recall": 0.7722772277227723,
      "f1-score": 0.78,
      "support": 101.0
    },
    "accuracy": 0.531896551724138,
    "macro avg": {
      "precision": 0.6201408010925452,
      "recall": 0.5580342099854283,
      "f1-score": 0.5493302400318975,
      "support": 1160.0
    },
    "weighted avg": {
      "precision": 0.5385849239095709,
      "recall": 0.531896551724138,
      "f1-score": 0.5277500419638615,
      "support": 1160.0
    }
  }
}