{
  "accuracy": 0.9766637856525497,
  "macro_precision": 0.8916436726183671,
  "macro_recall": 0.9060737445629974,
  "macro_f1": 0.8913706133555677,
  "weighted_f1": 0.9754233251703451,
  "per_class": {
    "amazon-plug": {
      "precision": 0.896551724137931,
      "recall": 1.0,
      "f1-score": 0.9454545454545454,
      "support": 26.0
    },
    "aqara-hub": {
      "precision": 1.0,
      "recall": 1.0,
      "f1-score": 1.0,
      "support": 28.0
    },
    "brewer": {
      "precision": 0.0,
      "recall": 0.0,
      "f1-score": 0.0,
      "support": 2.0
    },
    "bulb1": {
      "precision": 1.0,
      "recall": 1.0,
      "f1-score": 1.0,
      "support": 91.0
    },
    "dlink-camera": {
      "precision": 0.9,
      "recall": 1.0,
      "f1-score": 0.9473684210526315,
      "support": 9.0
    },
    "echoshow5": {
      "precision": 0.8157894736842105,
      "recall": 0.8857142857142857,
      "f1-score": 0.8493150684931506,
      "support": 35.0
    },
    "echospot": {
      "precision": 0.92,
      "recall": 0.7666666666666667,
      "f1-score": 0.8363636363636363,
      "support": 30.0
    },
    "google-home-mini": {
      "precision": 0.8571428571428571,
      "recall": 0.8571428571428571,
      "f1-score": 0.8571428571428571,
      "support": 7.0
    },
    "gosund-bulb1": {
      "precision": 1.0,
      "recall": 0.989247311827957,
      "f1-score": 0.9945945945945946,
      "support": 93.0
    },
    "govee-led1": {
      "precision": 0.9893617021276596,
      "recall": 1.0,
      "f1-score": 0.9946524064171123,
      "support": 93.0
    },
    "icsee-doorbell": {
      "precision": 0.9714285714285714,
      "recall": 0.9444444444444444,
      "f1-score": 0.9577464788732394,
      "support": 36.0
    },
    "ikea-hub": {
      "precision": 0.9166666666666666,
      "recall": 0.8461538461538461,
      "f1-score": 0.88,
      "support": 13.0
    },
    "ikettle": {
      "precision": 1.0,
      "recall": 0.5,
      "f1-score": 0.6666666666666666,
      "support": 2.0
    },
    "keyco-air": {
      "precision": 0.5,
      "recall": 1.0,
      "f1-score": 0.6666666666666666,
      "support": 1.0
    },
    "lefun-cam-wired": {
      "precision": 0.9736842105263158,
      "recall": 1.0,
      "f1-score": 0.9866666666666667,
      "support": 37.0
    },
    "magichome-strip": {
      "precision": 1.0,
      "recall": 1.0,
      "f1-score": 1.0,
      "support": 74.0
    },
    "meross-dooropener": {
      "precision": 1.0,
      "recall": 1.0,
      "f1-score": 1.0,
      "support": 18.0
    },
    "microseven-camera": {
      "precision": 1.0,
      "recall": 1.0,
      "f1-score": 1.0,
      "support": 8.0
    },
    "nest-tstat": {
      "precision": 1.0,
      "recall": 0.9722222222222222,
      "f1-score": 0.9859154929577465,
      "support": 36.0
    },
    "philips-bulb": {
      "precision": 1.0,
      "recall": 1.0,
      "f1-score": 1.0,
      "support": 1.0
    },
    "ring-camera": {
      "precision": 0.9111111111111111,
      "recall": 1.0,
      "f1-score": 0.9534883720930233,
      "support": 41.0
    },
    "ring-chime1": {
      "precision": 0.0,
      "recall": 0.0,
      "f1-score": 0.0,
      "support": 1.0
    },
    "ring-doorbell": {
      "precision": 0.975,
      "recall": 0.975,
      "f1-score": 0.975,
      "support": 40.0
    },
    "smartlife-bulb": {
      "precision": 0.9916666666666667,
      "recall": 1.0,
      "f1-score": 0.99581589958159,
      "support": 119.0
    },
    "smartthings-hub": {
      "precision": 1.0,
      "recall": 1.0,
      "f1-score": 1.0,
      "support": 22.0
    },
    "sousvide": {
      "precision": 0.5,
      "recall": 1.0,
      "f1-score": 0.6666666666666666,
      "support": 1.0
    },
    "switchbot-hub": {
      "precision": 1.0,
      "recall": 1.0,
      "f1-score": 1.0,
      "support": 43.0
    },
    "t-wemo-plug": {
      "precision": 1.0,
      "recall": 0.9411764705882353,
      "f1-score": 0.9696969696969697,
      "support": 34.0
    },
    "thermopro-sensor": {
      "precision": 1.0,
      "recall": 1.0,
      "f1-score": 1.0,
      "support": 2.0
    },
    "tplink-bulb": {
      "precision": 1.0,
      "recall": 0.9885057471264368,
      "f1-score": 0.9942196531791907,
      "support": 87.0
    },
    "tplink-plug": {
      "precision": 1.0,
      "recall": 1.0,
      "f1-score": 1.0,
      "support": 10.0
    },
    "tuya-camera": {
      "precision": 1.0,
      "recall": 0.9523809523809523,
      "f1-score": 0.975609756097561,
      "support": 21.0
    },
    "ubell-doorbell": {
      "precision": 0.9807692307692307,
      "recall": 1.0,
      "f1-score": 0.9902912621359223,
      "support": 51.0
    },
    "wink-hub2": {
      "precision": 1.0,
      "recall": 1.0,
      "f1-score": 1.0,
      "support": 1.0
    },
    "wyze-cam": {
      "precision": 1.0,
      "recall": 1.0,
      "f1-score": 1.0,
      "support": 22.0
    },
    "yi-camera": {
      "precision": 1.0,
      "recall": 1.0,
      "f1-score": 1.0,
      "support": 22.0
    },
    "accuracy": 0.9766637856525497,
    "macro avg": {
      "precision": 0.8916436726183671,
      "recall": 0.9060737445629974,
      "f1-score": 0.8913706133555677,
      "support": 1157.0
    },
    "weighted avg": {
      "precision": 0.9756881118324066,
      "recall": 0.9766637856525497,
      "f1-score": 0.9754233251703451,
      "support": 1157.0
    }
  }
}