{
  "accuracy": {
    "mean": 0.9799521721801515,
    "std": 0.003107248442415558,
    "per_fold": [
      0.9766839378238342,
      0.9792566983578219,
      0.9835782195332757,
      0.9835782195332757,
      0.9766637856525497
    ]
  },
  "macro_precision": {
    "mean": 0.9083128024495295,
    "std": 0.026461621391139396,
    "per_fold": [
      0.9213954684588074,
      0.8766073202860623,
      0.8992747664755305,
      0.9526427844088798,
      0.8916436726183671
    ]
  },
  "macro_recall": {
    "mean": 0.9108151708049238,
    "std": 0.02056642813781601,
    "per_fold": [
      0.9148593481944576,
      0.887198785238001,
      0.8982460576823321,
      0.9476979183468307,
      0.9060737445629974
    ]
  },
  "macro_f1": {
    "mean": 0.9049459563802522,
    "std": 0.02448534539750129,
    "per_fold": [
      0.9099596402440545,
      0.876091289666459,
      0.8985976708471202,
      0.9487105677880601,
      0.8913706133555677
    ]
  },
  "weighted_f1": {
    "mean": 0.9788678634522023,
    "std": 0.00308100899509073,
    "per_fold": [
      0.9757355780469366,
      0.9783818793912319,
      0.9818473528613406,
      0.9829511817911571,
      0.9754233251703451
    ]
  }
}