{
  "accuracy": 0.5396551724137931,
  "macro_precision": 0.5573195029082828,
  "macro_recall": 0.5382834906867792,
  "macro_f1": 0.5420606499234423,
  "weighted_f1": 0.5370039486485029,
  "per_class": {
    "audio": {
      "precision": 0.5555555555555556,
      "recall": 0.5555555555555556,
      "f1-score": 0.5555555555555556,
      "support": 90.0
    },
    "brightness": {
      "precision": 0.5078534031413613,
      "recall": 0.6298701298701299,
      "f1-score": 0.5623188405797102,
      "support": 154.0
    },
    "capture": {
      "precision": 0.7894736842105263,
      "recall": 0.7407407407407407,
      "f1-score": 0.7643312101910829,
      "support": 81.0
    },
    "color": {
      "precision": 0.417910447761194,
      "recall": 0.38620689655172413,
      "f1-score": 0.4014336917562724,
      "support": 145.0
    },
    "idle": {
      "precision": 0.5172413793103449,
      "recall": 0.39473684210526316,
      "f1-score": 0.44776119402985076,
      "support": 38.0
    },
    "off": {
      "precision": 0.4703703703703704,
      "recall": 0.49034749034749037,
      "f1-score": 0.48015122873345933,
      "support": 259.0
    },
    "on": {
      "precision": 0.48743718592964824,
      "recall": 0.4429223744292237,
      "f1-score": 0.46411483253588515,
      "support": 219.0
    },
    "routine": {
      "precision": 0.25,
      "recall": 0.08333333333333333,
      "f1-score": 0.125,
      "support": 12.0
    },
    "setpoint": {
      "precision": 0.8076923076923077,
      "recall": 0.7777777777777778,
      "f1-score": 0.7924528301886793,
      "support": 27.0
    },
    "volume": {
      "precision": 0.525,
      "recall": 0.6176470588235294,
      "f1-score": 0.5675675675675675,
      "support": 34.0
    },
    "watch": {
      "precision": 0.801980198019802,
      "recall": 0.801980198019802,
      "f1-score": 0.801980198019802,
      "support": 101.0
    },
    "accuracy": 0.5396551724137931,
    "macro avg": {
      "precision": 0.5573195029082828,
      "recall": 0.5382834906867792,
      "f1-score": 0.5420606499234423,
      "support": 1160.0
    },
    "weighted avg": {
      "precision": 0.5384839153415515,
      "recall": 0.5396551724137931,
      "f1-score": 0.5370039486485029,
      "support": 1160.0
    }
  }
}