{
  "accuracy": 0.4029335634167386,
  "macro_precision": 0.37231523824443374,
  "macro_recall": 0.35474405688735483,
  "macro_f1": 0.3335017840059002,
  "weighted_f1": 0.38290335605887893,
  "per_class": {
    "alexa_close": {
      "precision": 1.0,
      "recall": 0.3333333333333333,
      "f1-score": 0.5,
      "support": 3.0
    },
    "alexa_color": {
      "precision": 0.08695652173913043,
      "recall": 0.125,
      "f1-score": 0.10256410256410256,
      "support": 16.0
    },
    "alexa_color2": {
      "precision": 0.2222222222222222,
      "recall": 0.125,
      "f1-score": 0.16,
      "support": 16.0
    },
    "alexa_dim": {
      "precision": 0.4,
      "recall": 0.10526315789473684,
      "f1-score": 0.16666666666666666,
      "support": 19.0
    },
    "alexa_dim2": {
      "precision": 0.13793103448275862,
      "recall": 0.2222222222222222,
      "f1-score": 0.1702127659574468,
      "support": 18.0
    },
    "alexa_off": {
      "precision": 0.45,
      "recall": 0.23076923076923078,
      "f1-score": 0.3050847457627119,
      "support": 39.0
    },
    "alexa_on": {
      "precision": 0.5,
      "recall": 0.7872340425531915,
      "f1-score": 0.6115702479338843,
      "support": 47.0
    },
    "alexa_set": {
      "precision": 0.0,
      "recall": 0.0,
      "f1-score": 0.0,
      "support": 2.0
    },
    "alexa_set2": {
      "precision": 0.0,
      "recall": 0.0,
      "f1-score": 0.0,
      "support": 2.0
    },
    "alexa_stop": {
      "precision": 0.875,
      "recall": 0.5833333333333334,
      "f1-score": 0.7,
      "support": 12.0
    },
    "alexa_watch": {
      "precision": 0.8333333333333334,
      "recall": 0.8333333333333334,
      "f1-score": 0.8333333333333334,
      "support": 12.0
    },
    "android_lan_audio": {
      "precision": 0.39285714285714285,
      "recall": 0.3055555555555556,
      "f1-score": 0.34375,
      "support": 36.0
    },
    "android_lan_close": {
      "precision": 0.75,
      "recall": 0.5,
      "f1-score": 0.6,
      "support": 6.0
    },
    "android_lan_color": {
      "precision": 0.16666666666666666,
      "recall": 0.15789473684210525,
      "f1-score": 0.16216216216216217,
      "support": 38.0
    },
    "android_lan_color2": {
      "precision": 0.14285714285714285,
      "recall": 0.030303030303030304,
      "f1-score": 0.05,
      "support": 33.0
    },
    "android_lan_dim": {
      "precision": 0.34375,
      "recall": 0.2894736842105263,
      "f1-score": 0.3142857142857143,
      "support": 38.0
    },
    "android_lan_dim2": {
      "precision": 0.25862068965517243,
      "recall": 0.3488372093023256,
      "f1-score": 0.297029702970297,
      "support": 43.0
    },
    "android_lan_disturb_off": {
      "precision": 0.0,
      "recall": 0.0,
      "f1-score": 0.0,
      "support": 7.0
    },
    "android_lan_disturb_on": {
      "precision": 0.4,
      "recall": 0.2857142857142857,
      "f1-score": 0.3333333333333333,
      "support": 7.0
    },
    "android_lan_off": {
      "precision": 0.3125,
      "recall": 0.425531914893617,
      "f1-score": 0.36036036036036034,
      "support": 94.0
    },
    "android_lan_on": {
      "precision": 0.421875,
      "recall": 0.32926829268292684,
      "f1-score": 0.3698630136986301,
      "support": 82.0
    },
    "android_lan_photo": {
      "precision": 0.4782608695652174,
      "recall": 0.6111111111111112,
      "f1-score": 0.5365853658536586,
      "support": 18.0
    },
    "android_lan_recording": {
      "precision": 0.6,
      "recall": 0.631578947368421,
      "f1-score": 0.6153846153846154,
      "support": 19.0
    },
    "android_lan_scene": {
      "precision": 1.0,
      "recall": 1.0,
      "f1-score": 1.0,
      "support": 6.0
    },
    "android_lan_temp": {
      "precision": 0.0,
      "recall": 0.0,
      "f1-score": 0.0,
      "support": 3.0
    },
    "android_lan_temp2": {
      "precision": 0.25,
      "recall": 1.0,
      "f1-score": 0.4,
      "support": 4.0
    },
    "android_lan_volume": {
      "precision": 0.0,
      "recall": 0.0,
      "f1-score": 0.0,
      "support": 4.0
    },
    "android_lan_volume2": {
      "precision": 0.3,
      "recall": 0.5,
      "f1-score": 0.375,
      "support": 6.0
    },
    "android_lan_watch": {
      "precision": 0.47058823529411764,
      "recall": 0.37209302325581395,
      "f1-score": 0.4155844155844156,
      "support": 43.0
    },
    "android_wan_audio": {
      "precision": 0.3815789473684211,
      "recall": 0.6590909090909091,
      "f1-score": 0.48333333333333334,
      "support": 44.0
    },
    "android_wan_close": {
      "precision": 0.7,
      "recall": 1.0,
      "f1-score": 0.8235294117647058,
      "support": 7.0
    },
    "android_wan_color": {
      "precision": 0.3333333333333333,
      "recall": 0.4166666666666667,
      "f1-score": 0.37037037037037035,
      "support": 24.0
    },
    "android_wan_color2": {
      "precision": 0.24489795918367346,
      "recall": 0.6666666666666666,
      "f1-score": 0.3582089552238806,
      "support": 18.0
    },
    "android_wan_dim": {
      "precision": 0.0,
      "recall": 0.0,
      "f1-score": 0.0,
      "support": 18.0
    },
    "android_wan_dim2": {
      "precision": 1.0,
      "recall": 0.05555555555555555,
      "f1-score": 0.10526315789473684,
      "support": 18.0
    },
    "android_wan_disturb_off": {
      "precision": 0.26666666666666666,
      "recall": 0.5,
      "f1-score": 0.34782608695652173,
      "support": 8.0
    },
    "android_wan_disturb_on": {
      "precision": 0.0,
      "recall": 0.0,
      "f1-score": 0.0,
      "support": 7.0
    },
    "android_wan_off": {
      "precision": 0.4424778761061947,
      "recall": 0.6024096385542169,
      "f1-score": 0.5102040816326531,
      "support": 83.0
    },
    "android_wan_on": {
      "precision": 0.5384615384615384,
      "recall": 0.28,
      "f1-score": 0.3684210526315789,
      "support": 75.0
    },
    "android_wan_photo": {
      "precision": 0.5882352941176471,
      "recall": 0.45454545454545453,
      "f1-score": 0.5128205128205128,
      "support": 22.0
    },
    "android_wan_recording": {
      "precision": 0.4444444444444444,
      "recall": 0.36363636363636365,
      "f1-score": 0.4,
      "support": 22.0
    },
    "android_wan_scene": {
      "precision": 1.0,
      "recall": 0.8333333333333334,
      "f1-score": 0.9090909090909091,
      "support": 6.0
    },
    "android_wan_temp": {
      "precision": 0.0,
      "recall": 0.0,
      "f1-score": 0.0,
      "support": 2.0
    },
    "android_wan_temp2": {
      "precision": 0.0,
      "recall": 0.0,
      "f1-score": 0.0,
      "support": 2.0
    },
    "android_wan_volume": {
      "precision": 0.0,
      "recall": 0.0,
      "f1-score": 0.0,
      "support": 4.0
    },
    "android_wan_volume2": {
      "precision": 0.18181818181818182,
      "recall": 0.2857142857142857,
      "f1-score": 0.2222222222222222,
      "support": 7.0
    },
    "android_wan_watch": {
      "precision": 0.6363636363636364,
      "recall": 0.6086956521739131,
      "f1-score": 0.6222222222222222,
      "support": 46.0
    },
    "idle": {
      "precision": 0.6086956521739131,
      "recall": 0.7567567567567568,
      "f1-score": 0.6746987951807228,
      "support": 37.0
    },
    "local_voice": {
      "precision": 0.2,
      "recall": 0.1,
      "f1-score": 0.13333333333333333,
      "support": 10.0
    },
    "local_volume": {
      "precision": 0.4,
      "recall": 0.5,
      "f1-score": 0.4444444444444444,
      "support": 12.0
    },
    "ring": {
      "precision": 0.0,
      "recall": 0.0,
      "f1-score": 0.0,
      "support": 1.0
    },
    "routine": {
      "precision": 0.6,
      "recall": 0.23076923076923078,
      "f1-score": 0.3333333333333333,
      "support": 13.0
    },
    "accuracy": 0.4029335634167386,
    "macro avg": {
      "precision": 0.37231523824443374,
      "recall": 0.35474405688735483,
      "f1-score": 0.3335017840059002,