{
  "accuracy": 0.9766839378238342,
  "macro_precision": 0.9213954684588074,
  "macro_recall": 0.9148593481944576,
  "macro_f1": 0.9099596402440545,
  "weighted_f1": 0.9757355780469366,
  "per_class": {
    "amazon-plug": {
      "precision": 1.0,
      "recall": 0.9629629629629629,
      "f1-score": 0.9811320754716981,
      "support": 27.0
    },
    "aqara-hub": {
      "precision": 1.0,
      "recall": 0.9642857142857143,
      "f1-score": 0.9818181818181818,
      "support": 28.0
    },
    "brewer": {
      "precision": 0.0,
      "recall": 0.0,
      "f1-score": 0.0,
      "support": 1.0
    },
    "bulb1": {
      "precision": 1.0,
      "recall": 1.0,
      "f1-score": 1.0,
      "support": 91.0
    },
    "dlink-camera": {
      "precision": 0.6666666666666666,
      "recall": 0.4444444444444444,
      "f1-score": 0.5333333333333333,
      "support": 9.0
    },
    "echoshow5": {
      "precision": 0.7674418604651163,
      "recall": 0.9428571428571428,
      "f1-score": 0.8461538461538461,
      "support": 35.0
    },
    "echospot": {
      "precision": 0.8214285714285714,
      "recall": 0.7666666666666667,
      "f1-score": 0.7931034482758621,
      "support": 30.0
    },
    "google-home-mini": {
      "precision": 1.0,
      "recall": 0.5714285714285714,
      "f1-score": 0.7272727272727273,
      "support": 7.0
    },
    "gosund-bulb1": {
      "precision": 1.0,
      "recall": 1.0,
      "f1-score": 1.0,
      "support": 93.0
    },
    "govee-led1": {
      "precision": 0.9891304347826086,
      "recall": 0.9891304347826086,
      "f1-score": 0.9891304347826086,
      "support": 92.0
    },
    "icsee-doorbell": {
      "precision": 1.0,
      "recall": 0.9722222222222222,
      "f1-score": 0.9859154929577465,
      "support": 36.0
    },
    "ikea-hub": {
      "precision": 1.0,
      "recall": 0.9285714285714286,
      "f1-score": 0.9629629629629629,
      "support": 14.0
    },
    "ikettle": {
      "precision": 1.0,
      "recall": 0.5,
      "f1-score": 0.6666666666666666,
      "support": 2.0
    },
    "keyco-air": {
      "precision": 0.6666666666666666,
      "recall": 1.0,
      "f1-score": 0.8,
      "support": 2.0
    },
    "lefun-cam-wired": {
      "precision": 1.0,
      "recall": 1.0,
      "f1-score": 1.0,
      "support": 37.0
    },
    "magichome-strip": {
      "precision": 1.0,
      "recall": 1.0,
      "f1-score": 1.0,
      "support": 74.0
    },
    "meross-dooropener": {
      "precision": 0.9411764705882353,
      "recall": 0.9411764705882353,
      "f1-score": 0.9411764705882353,
      "support": 17.0
    },
    "microseven-camera": {
      "precision": 1.0,
      "recall": 1.0,
      "f1-score": 1.0,
      "support": 8.0
    },
    "nest-tstat": {
      "precision": 1.0,
      "recall": 1.0,
      "f1-score": 1.0,
      "support": 36.0
    },
    "philips-bulb": {
      "precision": 1.0,
      "recall": 1.0,
      "f1-score": 1.0,
      "support": 1.0
    },
    "ring-camera": {
      "precision": 0.9761904761904762,
      "recall": 0.9761904761904762,
      "f1-score": 0.9761904761904762,
      "support": 42.0
    },
    "ring-chime1": {
      "precision": 1.0,
      "recall": 1.0,
      "f1-score": 1.0,
      "support": 1.0
    },
    "ring-doorbell": {
      "precision": 0.9512195121951219,
      "recall": 0.975,
      "f1-score": 0.9629629629629629,
      "support": 40.0
    },
    "smartlife-bulb": {
      "precision": 1.0,
      "recall": 1.0,
      "f1-score": 1.0,
      "support": 119.0
    },
    "smartthings-hub": {
      "precision": 1.0,
      "recall": 1.0,
      "f1-score": 1.0,
      "support": 22.0
    },
    "sousvide": {
      "precision": 0.5,
      "recall": 1.0,
      "f1-score": 0.6666666666666666,
      "support": 1.0
    },
    "switchbot-hub": {
      "precision": 0.9772727272727273,
      "recall": 1.0,
      "f1-score": 0.9885057471264368,
      "support": 43.0
    },
    "t-wemo-plug": {
      "precision": 1.0,
      "recall": 1.0,
      "f1-score": 1.0,
      "support": 34.0
    },
    "thermopro-sensor": {
      "precision": 1.0,
      "recall": 1.0,
      "f1-score": 1.0,
      "support": 1.0
    },
    "tplink-bulb": {
      "precision": 1.0,
      "recall": 1.0,
      "f1-score": 1.0,
      "support": 87.0
    },
    "tplink-plug": {
      "precision": 1.0,
      "recall": 1.0,
      "f1-score": 1.0,
      "support": 10.0
    },
    "tuya-camera": {
      "precision": 1.0,
      "recall": 1.0,
      "f1-score": 1.0,
      "support": 21.0
    },
    "ubell-doorbell": {
      "precision": 1.0,
      "recall": 1.0,
      "f1-score": 1.0,
      "support": 51.0
    },
    "wink-hub2": {
      "precision": 1.0,
      "recall": 1.0,
      "f1-score": 1.0,
      "support": 2.0
    },
    "wyze-cam": {
      "precision": 0.9565217391304348,
      "recall": 1.0,
      "f1-score": 0.9777777777777777,
      "support": 22.0
    },
    "yi-camera": {
      "precision": 0.9565217391304348,
      "recall": 1.0,
      "f1-score": 0.9777777777777777,
      "support": 22.0
    },
    "accuracy": 0.9766839378238342,
    "macro avg": {
      "precision": 0.9213954684588074,
      "recall": 0.9148593481944576,
      "f1-score": 0.9099596402440545,
      "support": 1158.0
    },
    "weighted avg": {
      "precision": 0.977111502482505,
      "recall": 0.9766839378238342,
      "f1-score": 0.9757355780469366,
      "support": 1158.0
    }
  }
}