{
  "accuracy": {
    "mean": 0.5364716908155068,
    "std": 0.0026074910073463926,
    "per_fold": [
      0.5396551724137931,
      0.531896551724138,
      0.5370689655172414,
      0.5379310344827586,
      0.5358067299396031
    ]
  },
  "macro_precision": {
    "mean": 0.575194944591846,
    "std": 0.033373825489508145,
    "per_fold": [
      0.5573195029082828,
      0.6201408010925452,
      0.5501520068307144,
      0.5381243367894419,
      0.6102380753382453
    ]
  },
  "macro_recall": {
    "mean": 0.5526977103784739,
    "std": 0.013997150773031368,
    "per_fold": [
      0.5382834906867792,
      0.5580342099854283,
      0.577549697865648,
      0.5456224120469592,
      0.543998741307555
    ]
  },
  "macro_f1": {
    "mean": 0.549329737372611,
    "std": 0.008756077417883913,
    "per_fold": [
      0.5420606499234423,
      0.5493302400318975,
      0.552999104225349,
      0.53866813877201,
      0.5635905539103568
    ]
  },
  "weighted_f1": {
    "mean": 0.5326737982504028,
    "std": 0.004766212551465271,
    "per_fold": [
      0.5370039486485029,
      0.5277500419638615,
      0.5263445043763184,
      0.5343231912225435,
      0.5379473050407877
    ]
  }
}