{
  "accuracy": 0.5370689655172414,
  "macro_precision": 0.5501520068307144,
  "macro_recall": 0.577549697865648,
  "macro_f1": 0.552999104225349,
  "weighted_f1": 0.5263445043763184,
  "per_class": {
    "audio": {
      "precision": 0.6086956521739131,
      "recall": 0.6292134831460674,
      "f1-score": 0.6187845303867403,
      "support": 89.0
    },
    "brightness": {
      "precision": 0.46875,
      "recall": 0.487012987012987,
      "f1-score": 0.47770700636942676,
      "support": 154.0
    },
    "capture": {
      "precision": 0.6881720430107527,
      "recall": 0.7804878048780488,
      "f1-score": 0.7314285714285714,
      "support": 82.0
    },
    "color": {
      "precision": 0.35365853658536583,
      "recall": 0.4027777777777778,
      "f1-score": 0.37662337662337664,
      "support": 144.0
    },
    "idle": {
      "precision": 0.6222222222222222,
      "recall": 0.7567567567567568,
      "f1-score": 0.6829268292682927,
      "support": 37.0
    },
    "off": {
      "precision": 0.47416413373860183,
      "recall": 0.6023166023166023,
      "f1-score": 0.5306122448979592,
      "support": 259.0
    },
    "on": {
      "precision": 0.5612244897959183,
      "recall": 0.2511415525114155,
      "f1-score": 0.3470031545741325,
      "support": 219.0
    },
    "routine": {
      "precision": 0.0,
      "recall": 0.0,
      "f1-score": 0.0,
      "support": 13.0
    },
    "setpoint": {
      "precision": 0.9230769230769231,
      "recall": 0.8571428571428571,
      "f1-score": 0.8888888888888888,
      "support": 28.0
    },
    "volume": {
      "precision": 0.48214285714285715,
      "recall": 0.7941176470588235,
      "f1-score": 0.6,
      "support": 34.0
    },
    "watch": {
      "precision": 0.8695652173913043,
      "recall": 0.7920792079207921,
      "f1-score": 0.8290155440414507,
      "support": 101.0
    },
    "accuracy": 0.5370689655172414,
    "macro avg": {
      "precision": 0.5501520068307144,
      "recall": 0.577549697865648,
      "f1-score": 0.552999104225349,
      "support": 1160.0
    },
    "weighted avg": {
      "precision": 0.5452778826810445,
      "recall": 0.5370689655172414,
      "f1-score": 0.5263445043763184,
      "support": 1160.0
    }
  }
}