{
  "accuracy": {
    "mean": 0.37933399779833976,
    "std": 0.02381602678889403,
    "per_fold": [
      0.4103448275862069,
      0.34913793103448276,
      0.359792924935289,
      0.3744607420189819,
      0.4029335634167386
    ]
  },
  "macro_precision": {
    "mean": 0.3212698934429645,
    "std": 0.03929820775085415,
    "per_fold": [
      0.35132644993882917,
      0.2633636391102694,
      0.326855907395276,
      0.29248823252601447,
      0.37231523824443374
    ]
  },
  "macro_recall": {
    "mean": 0.32217430440218237,
    "std": 0.023511173518379502,
    "per_fold": [
      0.34355547547406434,
      0.29155359177207474,
      0.30625739139469194,
      0.314761006482726,
      0.35474405688735483
    ]
  },
  "macro_f1": {
    "mean": 0.3006763008175606,
    "std": 0.026113849552428927,
    "per_fold": [
      0.32563414099628435,
      0.262096735990415,
      0.2953455201192875,
      0.28680332297591576,
      0.3335017840059002
    ]
  },
  "weighted_f1": {
    "mean": 0.3566393291348435,
    "std": 0.022664387407472432,
    "per_fold": [
      0.38203500002343793,
      0.3259668703255138,
      0.3401207099348173,
      0.35217070933156946,
      0.38290335605887893
    ]
  }
}