{
  "accuracy": 0.9792566983578219,
  "macro_precision": 0.8766073202860623,
  "macro_recall": 0.887198785238001,
  "macro_f1": 0.876091289666459,
  "weighted_f1": 0.9783818793912319,
  "per_class": {
    "amazon-plug": {
      "precision": 1.0,
      "recall": 1.0,
      "f1-score": 1.0,
      "support": 27.0
    },
    "aqara-hub": {
      "precision": 1.0,
      "recall": 1.0,
      "f1-score": 1.0,
      "support": 28.0
    },
    "brewer": {
      "precision": 0.0,
      "recall": 0.0,
      "f1-score": 0.0,
      "support": 1.0
    },
    "bulb1": {
      "precision": 1.0,
      "recall": 1.0,
      "f1-score": 1.0,
      "support": 90.0
    },
    "dlink-camera": {
      "precision": 0.9,
      "recall": 0.9,
      "f1-score": 0.9,
      "support": 10.0
    },
    "echoshow5": {
      "precision": 0.8108108108108109,
      "recall": 0.8571428571428571,
      "f1-score": 0.8333333333333334,
      "support": 35.0
    },
    "echospot": {
      "precision": 0.8275862068965517,
      "recall": 0.8,
      "f1-score": 0.8135593220338984,
      "support": 30.0
    },
    "google-home-mini": {
      "precision": 1.0,
      "recall": 1.0,
      "f1-score": 1.0,
      "support": 7.0
    },
    "gosund-bulb1": {
      "precision": 1.0,
      "recall": 1.0,
      "f1-score": 1.0,
      "support": 93.0
    },
    "govee-led1": {
      "precision": 1.0,
      "recall": 1.0,
      "f1-score": 1.0,
      "support": 92.0
    },
    "icsee-doorbell": {
      "precision": 0.9714285714285714,
      "recall": 0.9444444444444444,
      "f1-score": 0.9577464788732394,
      "support": 36.0
    },
    "ikea-hub": {
      "precision": 0.9285714285714286,
      "recall": 1.0,
      "f1-score": 0.9629629629629629,
      "support": 13.0
    },
    "ikettle": {
      "precision": 1.0,
      "recall": 0.6666666666666666,
      "f1-score": 0.8,
      "support": 3.0
    },
    "keyco-air": {
      "precision": 1.0,
      "recall": 1.0,
      "f1-score": 1.0,
      "support": 1.0
    },
    "lefun-cam-wired": {
      "precision": 1.0,
      "recall": 1.0,
      "f1-score": 1.0,
      "support": 37.0
    },
    "magichome-strip": {
      "precision": 1.0,
      "recall": 1.0,
      "f1-score": 1.0,
      "support": 74.0
    },
    "meross-dooropener": {
      "precision": 1.0,
      "recall": 0.9411764705882353,
      "f1-score": 0.9696969696969697,
      "support": 17.0
    },
    "microseven-camera": {
      "precision": 1.0,
      "recall": 1.0,
      "f1-score": 1.0,
      "support": 8.0
    },
    "nest-tstat": {
      "precision": 0.9714285714285714,
      "recall": 0.9444444444444444,
      "f1-score": 0.9577464788732394,
      "support": 36.0
    },
    "philips-bulb": {
      "precision": 1.0,
      "recall": 1.0,
      "f1-score": 1.0,
      "support": 2.0
    },
    "ring-camera": {
      "precision": 1.0,
      "recall": 0.9761904761904762,
      "f1-score": 0.9879518072289156,
      "support": 42.0
    },
    "ring-chime1": {
      "precision": 0.0,
      "recall": 0.0,
      "f1-score": 0.0,
      "support": 1.0
    },
    "ring-doorbell": {
      "precision": 0.9302325581395349,
      "recall": 1.0,
      "f1-score": 0.963855421686747,
      "support": 40.0
    },
    "smartlife-bulb": {
      "precision": 1.0,
      "recall": 1.0,
      "f1-score": 1.0,
      "support": 119.0
    },
    "smartthings-hub": {
      "precision": 1.0,
      "recall": 1.0,
      "f1-score": 1.0,
      "support": 21.0
    },
    "sousvide": {
      "precision": 0.3333333333333333,
      "recall": 1.0,
      "f1-score": 0.5,
      "support": 1.0
    },
    "switchbot-hub": {
      "precision": 1.0,
      "recall": 1.0,
      "f1-score": 1.0,
      "support": 44.0
    },
    "t-wemo-plug": {
      "precision": 0.9714285714285714,
      "recall": 1.0,
      "f1-score": 0.9855072463768116,
      "support": 34.0
    },
    "thermopro-sensor": {
      "precision": 1.0,
      "recall": 1.0,
      "f1-score": 1.0,
      "support": 1.0
    },
    "tplink-bulb": {
      "precision": 1.0,
      "recall": 1.0,
      "f1-score": 1.0,
      "support": 87.0
    },
    "tplink-plug": {
      "precision": 1.0,
      "recall": 1.0,
      "f1-score": 1.0,
      "support": 10.0
    },
    "tuya-camera": {
      "precision": 0.9130434782608695,
      "recall": 1.0,
      "f1-score": 0.9545454545454546,
      "support": 21.0
    },
    "ubell-doorbell": {
      "precision": 1.0,
      "recall": 1.0,
      "f1-score": 1.0,
      "support": 51.0
    },
    "wink-hub2": {
      "precision": 0.0,
      "recall": 0.0,
      "f1-score": 0.0,
      "support": 1.0
    },
    "wyze-cam": {
      "precision": 1.0,
      "recall": 0.9090909090909091,
      "f1-score": 0.9523809523809523,
      "support": 22.0
    },
    "yi-camera": {
      "precision": 1.0,
      "recall": 1.0,
      "f1-score": 1.0,
      "support": 22.0
    },
    "accuracy": 0.9792566983578219,
    "macro avg": {
      "precision": 0.8766073202860623,
      "recall": 0.887198785238001,
      "f1-score": 0.876091289666459,
      "support": 1157.0
    },
    "weighted avg": {
      "precision": 0.9783624636391747,
      "recall": 0.9792566983578219,
      "f1-score": 0.9783818793912319,
      "support": 1157.0
    }
  }
}